Representative_ID,Sample_Index,Output,Group,Output_Value,Group_Median,Abs_Diff_To_Group_Median,Torque,p_0,T_IM,P_IM,EGR_Rate,ECU_VTG_Pos,MF_IA,NOx_EO,SOC
MF_IA_Low,209.0,MF_IA,Low,221.6221,219.7053,1.916799999999995,840.3,1.012518,37.27017,1.17463,11.05984585,20.29367,221.6221,,
MF_IA_High,46.0,MF_IA,High,1435.291,1435.8159999999998,0.5249999999998636,1768.924,1.013612,59.56483,2.847858,21.44376376,39.42912,1435.291,,
NOx_EO_Low,84.0,NOx_EO,Low,172.5134,172.56959999999998,0.056199999999989814,231.983,1.013729,54.58783,1.08392125,36.59540675,44.62165,,172.5134,
NOx_EO_High,175.0,NOx_EO,High,1180.682,1223.6385,42.956500000000005,2113.799,1.012286,35.75143,2.422295,7.824793269,23.12293,,1180.682,
SOC_Low,13.0,SOC,Low,-7.471513,-7.4246085,0.04690450000000013,1174.983,1.013581,56.50769,2.128794,24.91934072,45.51266,,,-7.471513
SOC_High,43.0,SOC,High,3.193121,3.1849755,0.008145499999999917,172.0077,1.013578,55.47716,1.1552365,35.58765802,36.10897,,,3.193121
