Representative_ID,Sample_Index,Output,Group,Output_Value,Group_Median,Abs_Diff_To_Group_Median,MF_FUEL,Torque,p_0,p_21,P_IM,p_31,T_0,T_21,T_IM,T_31,q_MI,Rail Pressure,EGR_Rate,ECU_VTG_Pos,MF_IA,NOx_EO,SOC
MF_IA_Low,209,MF_IA,Low,221.6221,219.7053,1.9168,9.879014715,840.3,1.012518,1.1809575,1.17463,1.2472588,23.09332,51.65097,37.27017,421.32355,99.7881,623.5949,11.05984585,20.29367,221.6221,,
MF_IA_High,46,MF_IA,High,1435.291,1435.816,0.525,64.7487432,1768.924,1.013612,2.913663,2.847858,3.294595,24.54667,163.7449,59.56483,567.19485,199.8418,2220.095,21.44376376,39.42912,1435.291,,
NOx_EO_Low,84,NOx_EO,Low,172.5134,172.5696,0.0562,10.8773568,231.983,1.013729,1.1015561,1.08392125,1.4609749,24.21193,41.79243,54.58783,321.2531,37.7686,1422.389,36.59540675,44.62165,,172.5134,
NOx_EO_High,175,NOx_EO,High,1180.682,1223.6385,42.9565,35.68817191,2113.799,1.012286,2.439285,2.422295,2.5599135,23.79585,150.7322,35.75143,595.3547,233.2563,876.025,7.824793269,23.12293,,1180.682,
SOC_Low,13,SOC,Low,-7.471513,-7.4246085,0.0469045,53.6305644,1174.983,1.013581,2.191956,2.128794,2.707853,25.12818,122.0023,56.50769,546.3081,141.8798,2482.051,24.91934072,45.51266,,,-7.471513
SOC_High,43,SOC,High,3.193121,3.1849755,0.0081455,12.1580038,172.0077,1.013578,1.1806207,1.1552365,1.62629475,24.22513,47.28653,55.47716,313.5157,35.5497,1997.071,35.58765802,36.10897,,,3.193121
