drift_pct,mae,rmse,r2
0.0,16.123459879185553,20.98837671608342,0.9969990750943571
1.0,15.895433639751234,20.652938812451016,0.9970942306178912
2.0,15.837588900813149,20.477261213112648,0.9971434543610791
5.0,16.689369464104463,21.021537682060305,0.9969895848718234
10.0,19.399824564561797,25.147902072915127,0.9956917494948275
20.0,28.942933068537673,39.92154467756076,0.9891429434319893
